{
    "r2_score": 0.95,
    "mae": 5087.0,
    "rmse": 6198.0,
    "actual_salaries": [
        41850.56,
        54404.22,
        96217.46,
        78243.6,
        67611.21,
        54730.9,
        48050.75,
        29226.32,
        54814.45,
        44181.03,
        48068.71,
        99409.09,
        119744.97,
        69212.67,
        55284.45,
        57917.91,
        111277.24,
        28358.28,
        20278.96,
        26878.13
    ],
    "predicted_salaries": [
        40439.85209999999,
        58396.36429999998,
        98531.6879,
        71818.3306,
        57822.22549999997,
        44430.376100000016,
        44240.14280000001,
        33131.726800000004,
        57481.47089999997,
        42772.36470000003,
        44310.360499999995,
        95304.39879999988,
        107174.34969999999,
        64757.87319999997,
        44608.3628,
        61189.02820000006,
        101729.84249999998,
        29276.568100000022,
        26394.573299999993,
        26583.592699999994
    ]
}